deviceValue,deviceParameter,deviceId,dateTime
26.257696630110566,Temperature,SBS01,2021-03-11 19:45:01
69.75046551821366,Flow,SBS04,2021-03-11 19:45:05
74.40680044354316,Flow,SBS05,2021-03-11 19:45:09
20.35641314317729,Temperature,SBS01,2021-03-11 19:45:21
88.94554982372402,Flow,SBS02,2021-03-11 19:45:23
93.23958078523543,Flow,SBS04,2021-03-11 19:45:25
17.73253746404246,Temperature,SBS03,2021-03-11 19:45:27
97.59912064041862,Flow,SBS04,2021-03-11 19:45:29
99.76683032849667,Flow,SBS02,2021-03-11 19:45:35
64.45706047771053,Flow,SBS02,2021-03-11 19:45:37
17.765857552206604,Temperature,SBS05,2021-03-11 19:45:41
20.837067296448527,Temperature,SBS04,2021-03-11 19:45:45
34.78721599435163,Temperature,SBS04,2021-03-11 19:45:51
60.63114495111811,Flow,SBS05,2021-03-11 19:45:53
63.60160945620996,Flow,SBS05,2021-03-11 19:45:57
31.046027363650126,Temperature,SBS02,2021-03-11 19:45:59
17.452879505406557,Temperature,SBS04,2021-03-11 19:46:03
69.10342900818884,Flow,SBS03,2021-03-11 19:46:11
34.19685315727687,Temperature,SBS02,2021-03-11 19:46:15
19.277919565931406,Temperature,SBS02,2021-03-11 19:46:19
93.58695533442364,Flow,SBS04,2021-03-11 19:46:21
29.72811621593111,Temperature,SBS04,2021-03-11 19:46:23
91.70360721855121,Flow,SBS05,2021-03-11 19:46:39
31.929469609955532,Temperature,SBS05,2021-03-11 19:46:47
96.74474499898966,Flow,SBS04,2021-03-11 19:46:55
16.800584450148584,Temperature,SBS01,2021-03-11 19:46:57
94.23360420554538,Flow,SBS03,2021-03-11 19:47:07
92.82794672218503,Flow,SBS02,2021-03-11 19:47:11
24.97130299925034,Temperature,SBS03,2021-03-11 19:47:13
67.4000341975521,Flow,SBS02,2021-03-11 19:47:19
72.75698249380119,Flow,SBS02,2021-03-11 19:47:21
32.89790092458116,Temperature,SBS01,2021-03-11 19:47:23
32.37368202535427,Temperature,SBS05,2021-03-11 19:47:27
90.81292335201881,Flow,SBS04,2021-03-11 19:47:31
23.1457934338609,Temperature,SBS04,2021-03-11 19:47:33
71.7966633834589,Flow,SBS01,2021-03-11 19:47:37
28.80063364333871,Temperature,SBS05,2021-03-11 19:47:39
34.441714127468174,Temperature,SBS01,2021-03-11 19:47:43
21.795958219857248,Temperature,SBS02,2021-03-11 19:47:49
73.66497636419858,Flow,SBS04,2021-03-11 19:47:51
81.57383182183567,Flow,SBS05,2021-03-11 19:47:57
83.85458388448504,Flow,SBS04,2021-03-11 19:48:03
65.85094740209784,Flow,SBS02,2021-03-11 19:48:09
27.60520862674943,Temperature,SBS05,2021-03-11 19:48:15
98.2422630961257,Flow,SBS05,2021-03-11 19:48:19
30.773020133875658,Temperature,SBS04,2021-03-11 19:48:21
65.73711843353347,Flow,SBS03,2021-03-11 19:48:25
26.492795562810368,Temperature,SBS03,2021-03-11 19:48:27
20.61539483896922,Temperature,SBS04,2021-03-11 19:48:31
30.638264604636305,Temperature,SBS02,2021-03-11 19:48:33
15.62658534625745,Temperature,SBS04,2021-03-11 19:48:35
81.49875545304187,Flow,SBS03,2021-03-11 19:48:37
28.346992061619474,Temperature,SBS02,2021-03-11 19:48:41
33.56109026765615,Temperature,SBS04,2021-03-11 19:48:43
33.44268708011487,Temperature,SBS01,2021-03-11 19:48:45
29.612255004603057,Temperature,SBS04,2021-03-11 19:48:51
17.120499285973025,Temperature,SBS01,2021-03-11 19:48:55
93.55115114158306,Flow,SBS04,2021-03-11 19:49:01
72.2977571617044,Flow,SBS04,2021-03-11 19:49:05
25.515023664480175,Temperature,SBS01,2021-03-11 19:49:09
25.7509188204709,Temperature,SBS04,2021-03-11 19:49:13
69.20188424280036,Flow,SBS04,2021-03-11 19:49:15
70.47880651095521,Flow,SBS01,2021-03-11 19:49:23
89.9050777437643,Flow,SBS04,2021-03-11 19:49:31
70.28290049538718,Flow,SBS04,2021-03-11 19:49:41
94.7346590723573,Flow,SBS01,2021-03-11 19:49:53
81.5850296446377,Flow,SBS05,2021-03-11 19:49:57
62.58765155143254,Flow,SBS01,2021-03-11 19:49:59
19.523843057769,Temperature,SBS03,2021-03-11 19:50:07
30.351755975750557,Temperature,SBS04,2021-03-11 19:50:11
76.84151154736892,Flow,SBS02,2021-03-11 19:50:13
97.42971888780734,Flow,SBS02,2021-03-11 19:50:23
23.803860787196932,Temperature,SBS03,2021-03-11 19:50:27
63.14356523158007,Flow,SBS05,2021-03-11 19:50:29
81.18732962693775,Flow,SBS02,2021-03-11 19:50:31
26.102031999576212,Temperature,SBS05,2021-03-11 19:50:33
22.538890929600697,Temperature,SBS01,2021-03-11 19:50:49
34.09539144382771,Temperature,SBS04,2021-03-11 19:50:59
34.49683865200434,Temperature,SBS04,2021-03-11 19:51:07
19.697593003311052,Temperature,SBS03,2021-03-11 19:51:11
29.120131058867752,Temperature,SBS01,2021-03-11 19:51:15
19.14623889218799,Temperature,SBS05,2021-03-11 19:51:17
18.330093822762827,Temperature,SBS04,2021-03-11 19:51:21
80.3189359535522,Flow,SBS03,2021-03-11 19:51:25
17.049069323164574,Temperature,SBS02,2021-03-11 19:51:27
29.262283433223004,Temperature,SBS01,2021-03-11 19:51:29
19.70592881721157,Temperature,SBS01,2021-03-11 19:51:33
33.80813733523506,Temperature,SBS01,2021-03-11 19:51:37
26.517983477655925,Temperature,SBS03,2021-03-11 19:51:39
24.294465110678033,Temperature,SBS03,2021-03-11 19:51:41
29.303783945754184,Temperature,SBS03,2021-03-11 19:51:43
20.13606548800304,Temperature,SBS04,2021-03-11 19:51:49
31.190395176812498,Temperature,SBS03,2021-03-11 19:51:51
26.070711615008506,Temperature,SBS03,2021-03-11 19:51:57
88.96576640915953,Flow,SBS03,2021-03-11 19:51:59
27.88836502613308,Temperature,SBS02,2021-03-11 19:52:01
34.750846211622246,Temperature,SBS05,2021-03-11 19:52:03
91.43669643554219,Flow,SBS01,2021-03-11 19:52:08
74.88601636635008,Flow,SBS03,2021-03-11 19:52:12
92.48780733219454,Flow,SBS03,2021-03-11 19:52:16
61.40626485206362,Flow,SBS04,2021-03-11 19:52:20
66.49785647033474,Flow,SBS05,2021-03-11 19:52:28
15.841260928678329,Temperature,SBS02,2021-03-11 19:52:32
16.86251523766025,Temperature,SBS05,2021-03-11 19:52:40
76.06068880530653,Flow,SBS03,2021-03-11 19:52:42
18.445184775956044,Temperature,SBS03,2021-03-11 19:52:44
96.81478355357652,Flow,SBS05,2021-03-11 19:52:50
93.09110388797615,Flow,SBS02,2021-03-11 19:52:52
71.6602758582487,Flow,SBS04,2021-03-11 19:52:56
22.033075321149425,Temperature,SBS05,2021-03-11 19:53:00
63.67329271063441,Flow,SBS03,2021-03-11 19:53:02
18.628834336692208,Temperature,SBS04,2021-03-11 19:53:08
69.91657509006617,Flow,SBS02,2021-03-11 19:53:10
81.80447009992434,Flow,SBS05,2021-03-11 19:53:14
24.103277129986335,Temperature,SBS02,2021-03-11 19:53:16
62.172090343973274,Flow,SBS03,2021-03-11 19:53:24
16.718187129588205,Temperature,SBS03,2021-03-11 19:53:30
83.43330034394972,Flow,SBS05,2021-03-11 19:53:32
60.593606543923535,Flow,SBS04,2021-03-11 19:53:38
90.81373905355619,Flow,SBS03,2021-03-11 19:53:40
81.07349166499762,Flow,SBS01,2021-03-11 19:53:42
27.306318893113417,Temperature,SBS03,2021-03-11 19:53:44
94.15187988709634,Flow,SBS04,2021-03-11 19:53:46
83.14093741126925,Flow,SBS03,2021-03-11 19:53:52
92.54931126533351,Flow,SBS02,2021-03-11 19:53:56
68.55281558823171,Flow,SBS03,2021-03-11 19:54:00
21.574403227427283,Temperature,SBS05,2021-03-11 19:54:04
15.457425145076282,Temperature,SBS01,2021-03-11 19:54:10
17.10839986911676,Temperature,SBS05,2021-03-11 19:54:12
23.228136367168094,Temperature,SBS03,2021-03-11 19:54:18
23.469758032661044,Temperature,SBS05,2021-03-11 19:54:22
83.86933107633254,Flow,SBS02,2021-03-11 19:54:26
25.653935862611448,Temperature,SBS03,2021-03-11 19:54:28
27.536382109197444,Temperature,SBS04,2021-03-11 19:54:32
98.19700554144856,Flow,SBS01,2021-03-11 19:54:34
29.045363390479796,Temperature,SBS05,2021-03-11 19:54:38
79.11066535051205,Flow,SBS04,2021-03-11 19:54:42
68.43680502547741,Flow,SBS02,2021-03-11 19:54:44
94.80672983089866,Flow,SBS02,2021-03-11 19:54:48
99.39205187760577,Flow,SBS02,2021-03-11 19:54:50
89.28415199438422,Flow,SBS03,2021-03-11 19:54:56
96.99806876835787,Flow,SBS02,2021-03-11 19:54:58
16.361189329061332,Temperature,SBS02,2021-03-11 19:55:00
18.559941293269738,Temperature,SBS04,2021-03-11 19:55:06
24.609882777249602,Temperature,SBS03,2021-03-11 19:55:12
29.940993893794765,Temperature,SBS05,2021-03-11 19:55:14
29.288026038577996,Temperature,SBS04,2021-03-11 19:55:20
20.0564072312773,Temperature,SBS02,2021-03-11 19:55:22
15.81605233977912,Temperature,SBS01,2021-03-11 19:55:26
27.661243872326516,Temperature,SBS04,2021-03-11 19:55:32
92.86695845463149,Flow,SBS04,2021-03-11 19:55:34
29.02242007838323,Temperature,SBS02,2021-03-11 19:55:38
79.88249978590792,Flow,SBS02,2021-03-11 19:56:08
19.23765060910076,Temperature,SBS04,2021-03-11 19:56:10
17.783035295418564,Temperature,SBS01,2021-03-11 19:56:16
92.745956996952,Flow,SBS04,2021-03-11 19:56:20
32.9570587828914,Temperature,SBS02,2021-03-11 19:56:22
98.41332651092422,Flow,SBS03,2021-03-11 19:56:26
64.99733557080897,Flow,SBS05,2021-03-11 19:56:30
65.11356264623304,Flow,SBS03,2021-03-11 19:56:32
88.72540633567891,Flow,SBS05,2021-03-11 19:56:34
29.616606051808926,Temperature,SBS02,2021-03-11 19:56:36
29.542207118397595,Temperature,SBS03,2021-03-11 19:56:38
65.75711876881873,Flow,SBS03,2021-03-11 19:56:40
82.5216045012038,Flow,SBS01,2021-03-11 19:56:42
22.68220704575245,Temperature,SBS05,2021-03-11 19:56:46
96.64776595936142,Flow,SBS02,2021-03-11 19:56:48
18.620768632172954,Temperature,SBS01,2021-03-11 19:56:52
84.18683733034338,Flow,SBS03,2021-03-11 19:56:54
32.18136177941858,Temperature,SBS01,2021-03-11 19:56:56
66.99515381585312,Flow,SBS04,2021-03-11 19:57:02
16.911607958756278,Temperature,SBS03,2021-03-11 19:57:04
82.44603215785096,Flow,SBS03,2021-03-11 19:57:08
31.891768844814973,Temperature,SBS01,2021-03-11 19:57:10
87.21145380214158,Flow,SBS05,2021-03-11 19:57:18
31.229259859183824,Temperature,SBS03,2021-03-11 19:57:20
98.57181919135667,Flow,SBS04,2021-03-11 19:57:22
95.40155535363681,Flow,SBS02,2021-03-11 19:57:32
79.78039095477413,Flow,SBS01,2021-03-11 19:57:36
93.57325377337497,Flow,SBS01,2021-03-11 19:57:44
24.278177763489488,Temperature,SBS05,2021-03-11 19:57:54
60.83941461639624,Flow,SBS03,2021-03-11 19:57:56
34.278179325061075,Temperature,SBS03,2021-03-11 19:58:06
67.47228996373494,Flow,SBS04,2021-03-11 19:58:08
20.715684003382382,Temperature,SBS04,2021-03-11 19:58:12
94.22802574347145,Flow,SBS04,2021-03-11 19:58:14
31.08876128284836,Temperature,SBS01,2021-03-11 19:58:18
65.86388422140692,Flow,SBS03,2021-03-11 19:58:24
22.727829893206568,Temperature,SBS02,2021-03-11 19:58:38
23.434858169451612,Temperature,SBS02,2021-03-11 19:58:40
64.7480528601066,Flow,SBS02,2021-03-11 19:58:44
24.405737330592817,Temperature,SBS05,2021-03-11 19:58:46
17.312770787939687,Temperature,SBS03,2021-03-11 19:58:48
94.16014592881317,Flow,SBS05,2021-03-11 19:58:50
29.01355843654614,Temperature,SBS01,2021-03-11 19:58:54
86.57517409297785,Flow,SBS01,2021-03-11 19:58:56
19.986670846613936,Temperature,SBS04,2021-03-11 19:59:02
76.3291111826382,Flow,SBS04,2021-03-11 19:59:06
34.767541904882336,Temperature,SBS01,2021-03-11 19:59:08
90.89136321840769,Flow,SBS02,2021-03-11 19:59:12
72.56603063773997,Flow,SBS01,2021-03-11 19:59:14
24.151477280215865,Temperature,SBS03,2021-03-11 19:59:18
29.476069783967652,Temperature,SBS01,2021-03-11 19:59:20
22.391786344158632,Temperature,SBS04,2021-03-11 19:59:22
93.85393256657402,Flow,SBS02,2021-03-11 19:59:28
96.82975475326364,Flow,SBS05,2021-03-11 19:59:30
31.878282392856704,Temperature,SBS04,2021-03-11 19:59:32
33.544621331550175,Temperature,SBS02,2021-03-11 19:59:34
97.97551867921116,Flow,SBS04,2021-03-11 19:59:36
91.64698444762948,Flow,SBS04,2021-03-11 19:59:38
27.8933234122297,Temperature,SBS04,2021-03-11 19:59:40
69.91253018523652,Flow,SBS05,2021-03-11 19:59:42
30.873852442840363,Temperature,SBS02,2021-03-11 19:59:44
86.48375483587932,Flow,SBS02,2021-03-11 19:59:46
87.7097620546551,Flow,SBS03,2021-03-11 19:59:48
16.21365232445756,Temperature,SBS01,2021-03-11 19:59:50
80.55536711961071,Flow,SBS01,2021-03-11 19:59:52
85.14621048932125,Flow,SBS03,2021-03-11 19:59:56
29.44057647438743,Temperature,SBS03,2021-03-11 20:00:02
71.214580083274,Flow,SBS04,2021-03-11 20:00:08
89.56866977012564,Flow,SBS05,2021-03-11 20:00:14
89.04777245626056,Flow,SBS01,2021-03-11 20:00:16
82.23013578460186,Flow,SBS01,2021-03-11 20:00:18
67.56212797445328,Flow,SBS05,2021-03-11 20:00:22
31.349519304645295,Temperature,SBS05,2021-03-11 20:00:26
70.3319616929077,Flow,SBS01,2021-03-11 20:00:28
22.238711360984162,Temperature,SBS03,2021-03-11 20:00:32
23.45059217667451,Temperature,SBS02,2021-03-11 20:00:36
15.265515982881027,Temperature,SBS01,2021-03-11 20:00:38
26.248096423667086,Temperature,SBS02,2021-03-11 20:00:40
64.7885686607686,Flow,SBS05,2021-03-11 20:00:42
31.64612496147742,Temperature,SBS04,2021-03-11 20:00:44
17.11578847256993,Temperature,SBS01,2021-03-11 20:00:46
21.507582445635872,Temperature,SBS03,2021-03-11 20:00:48
29.375672531208753,Temperature,SBS03,2021-03-11 20:00:50
31.562244853366153,Temperature,SBS05,2021-03-11 20:00:56
67.77169104369901,Flow,SBS05,2021-03-11 20:00:58
69.35522286164395,Flow,SBS05,2021-03-11 20:01:00
15.9373190127878,Temperature,SBS02,2021-03-11 20:01:08
18.094908399539,Temperature,SBS03,2021-03-11 20:01:18
94.7909913336982,Flow,SBS02,2021-03-11 20:01:24
29.34289214866822,Temperature,SBS02,2021-03-11 20:01:26
31.70145440389595,Temperature,SBS04,2021-03-11 20:01:30
22.19620765695376,Temperature,SBS03,2021-03-11 20:01:32
21.66589084092033,Temperature,SBS04,2021-03-11 20:01:34
33.95370179896917,Temperature,SBS05,2021-03-11 20:01:36
24.48060663745077,Temperature,SBS01,2021-03-11 20:01:38
22.5544598824216,Temperature,SBS01,2021-03-11 20:01:50
93.11783228396493,Flow,SBS01,2021-03-11 20:02:01
31.90119798485179,Temperature,SBS05,2021-03-11 20:02:03
66.44039149991713,Flow,SBS01,2021-03-11 20:02:07
68.17875619490113,Flow,SBS05,2021-03-11 20:02:17
96.14791031351304,Flow,SBS04,2021-03-11 20:02:19
89.98205631718974,Flow,SBS01,2021-03-11 20:02:21
27.636336096778138,Temperature,SBS05,2021-03-11 20:02:23
77.71576446258173,Flow,SBS05,2021-03-11 20:02:27
23.351025357852624,Temperature,SBS05,2021-03-11 20:02:31
88.24297155958928,Flow,SBS05,2021-03-11 20:02:33
96.29384158131765,Flow,SBS04,2021-03-11 20:02:35
21.538216485309345,Temperature,SBS03,2021-03-11 20:02:41
60.534183961872,Flow,SBS05,2021-03-11 20:02:45
33.453247315482116,Temperature,SBS03,2021-03-11 20:02:47
28.03417436073517,Temperature,SBS04,2021-03-11 20:02:49
30.74233573013359,Temperature,SBS05,2021-03-11 20:02:55
77.98003287812607,Flow,SBS04,2021-03-11 20:02:57
21.430621037057826,Temperature,SBS03,2021-03-11 20:02:59
88.12201387711052,Flow,SBS05,2021-03-11 20:03:01
18.70645994998521,Temperature,SBS05,2021-03-11 20:03:03
79.41516262316213,Flow,SBS02,2021-03-11 20:03:05
64.46406347006653,Flow,SBS04,2021-03-11 20:03:07
96.79943824280048,Flow,SBS03,2021-03-11 20:03:09
20.726499223938045,Temperature,SBS01,2021-03-11 20:03:23
68.7780335511947,Flow,SBS02,2021-03-11 20:03:31
26.299698387365606,Temperature,SBS05,2021-03-11 20:03:33
97.17509594267699,Flow,SBS02,2021-03-11 20:03:35
19.580664199871386,Temperature,SBS04,2021-03-11 20:03:37
15.83006889201124,Temperature,SBS04,2021-03-11 20:03:39
71.11851134485741,Flow,SBS04,2021-03-11 20:03:41
94.93178752172291,Flow,SBS05,2021-03-11 20:03:43
68.0690623788058,Flow,SBS02,2021-03-11 20:03:45
62.88729047151169,Flow,SBS01,2021-03-11 20:03:59
24.787673597949112,Temperature,SBS04,2021-03-11 20:04:05
32.95460242124918,Temperature,SBS05,2021-03-11 20:04:07
17.60712812649434,Temperature,SBS01,2021-03-11 20:04:11
26.024805032479577,Temperature,SBS05,2021-03-11 20:04:13
16.37852755476919,Temperature,SBS05,2021-03-11 20:04:19
20.718831820252465,Temperature,SBS02,2021-03-11 20:04:23
17.1323331083049,Temperature,SBS05,2021-03-11 20:04:25
23.604387139115964,Temperature,SBS04,2021-03-11 20:04:37
61.00039233280742,Flow,SBS01,2021-03-11 20:04:43
63.3821319644924,Flow,SBS02,2021-03-11 20:04:45
28.01307895504426,Temperature,SBS01,2021-03-11 20:04:51
21.073466630470996,Temperature,SBS01,2021-03-11 20:05:03
16.502748683859757,Temperature,SBS05,2021-03-11 20:05:05
22.350041035111687,Temperature,SBS05,2021-03-11 20:05:09
30.894886706693114,Temperature,SBS04,2021-03-11 20:05:13
93.14733089980729,Flow,SBS03,2021-03-11 20:05:17
84.9369604471342,Flow,SBS04,2021-03-11 20:05:19
62.76667027240091,Flow,SBS03,2021-03-11 20:05:29
76.56108648193835,Flow,SBS01,2021-03-11 20:05:35
17.943214327433694,Temperature,SBS05,2021-03-11 20:05:37
76.14300966068834,Flow,SBS01,2021-03-11 20:05:39
24.216528042782667,Temperature,SBS03,2021-03-11 20:05:51
75.29337978361971,Flow,SBS02,2021-03-11 20:06:09
73.66243543963813,Flow,SBS01,2021-03-11 20:06:13
64.84044442771693,Flow,SBS02,2021-03-11 20:06:17
17.948943198467944,Temperature,SBS03,2021-03-11 20:06:25
16.315116165385206,Temperature,SBS03,2021-03-11 20:06:27
28.282253967377287,Temperature,SBS02,2021-03-11 20:06:29
60.88327687462258,Flow,SBS02,2021-03-11 20:06:33
20.06407010852838,Temperature,SBS01,2021-03-11 20:06:35
77.56049209158014,Flow,SBS03,2021-03-11 20:06:37
93.06196334969553,Flow,SBS03,2021-03-11 20:06:39
26.050044965031752,Temperature,SBS01,2021-03-11 20:06:43
86.82495368689118,Flow,SBS04,2021-03-11 20:06:47
26.425034324207,Temperature,SBS01,2021-03-11 20:06:51
20.64081623352173,Temperature,SBS03,2021-03-11 20:06:55
60.47745250474772,Flow,SBS04,2021-03-11 20:07:01
73.56585231218357,Flow,SBS04,2021-03-11 20:07:09
34.410624339093786,Temperature,SBS01,2021-03-11 20:07:11
90.34574100799318,Flow,SBS02,2021-03-11 20:07:13
63.119536061212926,Flow,SBS01,2021-03-11 20:07:15
17.349843212933873,Temperature,SBS05,2021-03-11 20:07:17
96.9225474393055,Flow,SBS03,2021-03-11 20:07:23
72.6832517290357,Flow,SBS02,2021-03-11 20:07:27
24.858359299951587,Temperature,SBS01,2021-03-11 20:07:29
15.311560352662807,Temperature,SBS05,2021-03-11 20:07:31
28.801865947897845,Temperature,SBS01,2021-03-11 20:07:35
63.69588954730072,Flow,SBS02,2021-03-11 20:07:39
29.99643078731498,Temperature,SBS02,2021-03-11 20:07:43
34.25969495230231,Temperature,SBS05,2021-03-11 20:07:45
88.21241940268882,Flow,SBS01,2021-03-11 20:07:51
87.27316590089856,Flow,SBS02,2021-03-11 20:07:53
93.29830126592117,Flow,SBS03,2021-03-11 20:08:01
81.34743613347098,Flow,SBS05,2021-03-11 20:08:11
96.77714754784964,Flow,SBS05,2021-03-11 20:08:15
97.51268034505699,Flow,SBS03,2021-03-11 20:08:17
24.99823792628552,Temperature,SBS01,2021-03-11 20:08:21
89.33437282763471,Flow,SBS03,2021-03-11 20:08:23
16.440074806138828,Temperature,SBS05,2021-03-11 20:08:31
29.8038273909727,Temperature,SBS02,2021-03-11 20:08:33
93.41751425288109,Flow,SBS05,2021-03-11 20:08:41
74.42002687182543,Flow,SBS04,2021-03-11 20:08:47
98.53484097311778,Flow,SBS04,2021-03-11 20:08:51
16.995694031275693,Temperature,SBS02,2021-03-11 20:08:55
21.753204624544438,Temperature,SBS02,2021-03-11 20:09:05
20.61277630598378,Temperature,SBS05,2021-03-11 20:09:07
79.16495077573563,Flow,SBS02,2021-03-11 20:09:09
61.196994439225136,Flow,SBS03,2021-03-11 20:09:11
90.344971966334,Flow,SBS05,2021-03-11 20:09:15
71.36538300840229,Flow,SBS02,2021-03-11 20:09:17
78.56880888566981,Flow,SBS05,2021-03-11 20:09:21
26.019516566089468,Temperature,SBS02,2021-03-11 20:09:23
77.76419258960107,Flow,SBS03,2021-03-11 20:09:33
84.24611752843721,Flow,SBS02,2021-03-11 20:09:35
18.699068206340602,Temperature,SBS05,2021-03-11 20:09:39
31.388692718683068,Temperature,SBS04,2021-03-11 20:09:41
81.31274079262104,Flow,SBS04,2021-03-11 20:09:49
21.9703226548241,Temperature,SBS05,2021-03-11 20:09:51
76.88021326092408,Flow,SBS04,2021-03-11 20:09:57
75.07403226751481,Flow,SBS04,2021-03-11 20:10:03
32.81106283054961,Temperature,SBS03,2021-03-11 20:10:05
76.51115587348447,Flow,SBS05,2021-03-11 20:10:07
62.69095229100445,Flow,SBS05,2021-03-11 20:10:09
29.941131697408313,Temperature,SBS01,2021-03-11 20:10:13
76.39630188249322,Flow,SBS02,2021-03-11 20:10:21
19.140868480258895,Temperature,SBS01,2021-03-11 20:10:23
86.68716243156828,Flow,SBS04,2021-03-11 20:10:25
87.01648855318699,Flow,SBS04,2021-03-11 20:10:29
96.8441477445981,Flow,SBS05,2021-03-11 20:10:33
93.45446874820392,Flow,SBS01,2021-03-11 20:10:35
92.01351645397375,Flow,SBS05,2021-03-11 20:10:39
60.663780741644125,Flow,SBS05,2021-03-11 20:10:41
76.64347972685854,Flow,SBS02,2021-03-11 20:10:45
62.42988813708016,Flow,SBS02,2021-03-11 20:10:47
18.480742061029577,Temperature,SBS01,2021-03-11 20:10:49
96.81728255799077,Flow,SBS02,2021-03-11 20:10:51
93.8520261102882,Flow,SBS01,2021-03-11 20:10:53
86.38637474171445,Flow,SBS02,2021-03-11 20:10:55
24.39812118105693,Temperature,SBS01,2021-03-11 20:10:57
32.45947488162797,Temperature,SBS02,2021-03-11 20:10:59
16.08044522413955,Temperature,SBS04,2021-03-11 20:11:03
22.778532523867167,Temperature,SBS02,2021-03-11 20:11:07
23.016830960634987,Temperature,SBS02,2021-03-11 20:11:11
32.219591173790974,Temperature,SBS01,2021-03-11 20:11:13
27.036681675433677,Temperature,SBS03,2021-03-11 20:11:15
86.10645389879937,Flow,SBS05,2021-03-11 20:11:19
63.82750281025043,Flow,SBS05,2021-03-11 20:11:21
64.8380637319505,Flow,SBS01,2021-03-11 20:11:31
73.54594423817136,Flow,SBS05,2021-03-11 20:11:35
31.75944368539045,Temperature,SBS04,2021-03-11 20:11:41
24.307112110523477,Temperature,SBS03,2021-03-11 20:11:47
21.76883453835756,Temperature,SBS04,2021-03-11 20:11:50
70.77840475467532,Flow,SBS02,2021-03-11 20:12:02
16.289559995461502,Temperature,SBS04,2021-03-11 20:12:04
74.07484560077494,Flow,SBS02,2021-03-11 20:12:06
24.92039421519817,Temperature,SBS01,2021-03-11 20:12:10
69.36904306891019,Flow,SBS05,2021-03-11 20:12:12
26.693380503683706,Temperature,SBS02,2021-03-11 20:12:18
18.927950128021024,Temperature,SBS02,2021-03-11 20:12:20
80.32826873310853,Flow,SBS01,2021-03-11 20:12:22
26.384655643259087,Temperature,SBS02,2021-03-11 20:12:26
27.475058927601076,Temperature,SBS02,2021-03-11 20:12:34
33.08548384117702,Temperature,SBS04,2021-03-11 20:12:40
96.37389076415315,Flow,SBS05,2021-03-11 20:12:44
17.635655716710357,Temperature,SBS03,2021-03-11 20:12:48
96.38102286938212,Flow,SBS04,2021-03-11 20:12:50
18.26814859501177,Temperature,SBS04,2021-03-11 20:12:52
32.85394676559018,Temperature,SBS05,2021-03-11 20:12:54
21.99634720053337,Temperature,SBS02,2021-03-11 20:12:56
66.68280835577876,Flow,SBS02,2021-03-11 20:12:58
34.96395517027507,Temperature,SBS04,2021-03-11 20:13:00
61.707464892684115,Flow,SBS01,2021-03-11 20:13:02
17.237950503900166,Temperature,SBS01,2021-03-11 20:13:04
76.56887596757556,Flow,SBS01,2021-03-11 20:13:06
28.23753298187755,Temperature,SBS02,2021-03-11 20:13:08
29.130252410603646,Temperature,SBS04,2021-03-11 20:13:10
78.85582864596955,Flow,SBS01,2021-03-11 20:13:16
65.18548581677965,Flow,SBS03,2021-03-11 20:13:18
83.84318125006487,Flow,SBS04,2021-03-11 20:13:20
32.26932792261158,Temperature,SBS01,2021-03-11 20:13:22
17.59307238716664,Temperature,SBS02,2021-03-11 20:13:26
31.12455552649783,Temperature,SBS03,2021-03-11 20:13:32
21.320610432547458,Temperature,SBS03,2021-03-11 20:13:36
65.97531494720155,Flow,SBS03,2021-03-11 20:13:40
75.81924276876666,Flow,SBS01,2021-03-11 20:13:42
91.59992856760262,Flow,SBS02,2021-03-11 20:13:44
26.86758744042553,Temperature,SBS03,2021-03-11 20:13:46
84.6157477950926,Flow,SBS03,2021-03-11 20:13:50
31.276520902954807,Temperature,SBS04,2021-03-11 20:13:52
34.983430031292656,Temperature,SBS03,2021-03-11 20:13:54
32.73142743064915,Temperature,SBS02,2021-03-11 20:14:02
26.120265748536728,Temperature,SBS04,2021-03-11 20:14:04
24.372143081072725,Temperature,SBS05,2021-03-11 20:14:06
78.8389391579073,Flow,SBS05,2021-03-11 20:14:10
25.044256568820835,Temperature,SBS01,2021-03-11 20:14:12
92.56321350231144,Flow,SBS05,2021-03-11 20:14:16
67.85101729724497,Flow,SBS05,2021-03-11 20:14:20
21.699145187914493,Temperature,SBS05,2021-03-11 20:14:24
15.377629755298226,Temperature,SBS01,2021-03-11 20:14:28
27.262030675767505,Temperature,SBS01,2021-03-11 20:14:32
31.222028126107475,Temperature,SBS04,2021-03-11 20:14:38
25.267506713667455,Temperature,SBS04,2021-03-11 20:14:44
75.32623052013471,Flow,SBS05,2021-03-11 20:14:46
83.01074450766393,Flow,SBS02,2021-03-11 20:14:48
32.62594455455984,Temperature,SBS04,2021-03-11 20:15:00
62.181685846193496,Flow,SBS04,2021-03-11 20:15:02
32.47516534822351,Temperature,SBS05,2021-03-11 20:15:04
87.06648160655087,Flow,SBS04,2021-03-11 20:15:06
24.574282463080863,Temperature,SBS04,2021-03-11 20:15:08
75.09563579316915,Flow,SBS05,2021-03-11 20:15:16
91.93566373692454,Flow,SBS05,2021-03-11 20:15:18
70.60476820087183,Flow,SBS04,2021-03-11 20:15:20
96.35212810132829,Flow,SBS04,2021-03-11 20:15:26
33.91189999171192,Temperature,SBS02,2021-03-11 20:15:28
34.35876964563917,Temperature,SBS02,2021-03-11 20:15:30
23.080375669450998,Temperature,SBS04,2021-03-11 20:15:32
31.622967817835264,Temperature,SBS01,2021-03-11 20:15:34
64.98164575615785,Flow,SBS03,2021-03-11 20:15:36
22.760185278872818,Temperature,SBS05,2021-03-11 20:15:42
64.65868712111009,Flow,SBS01,2021-03-11 20:15:46
93.34584837958593,Flow,SBS03,2021-03-11 20:15:50
30.554263311809787,Temperature,SBS01,2021-03-11 20:15:58
76.51200137413164,Flow,SBS01,2021-03-11 20:16:08
76.35471325499063,Flow,SBS01,2021-03-11 20:16:10
27.361286685901124,Temperature,SBS02,2021-03-11 20:16:12
23.375802092713087,Temperature,SBS05,2021-03-11 20:16:16
93.0249243781337,Flow,SBS04,2021-03-11 20:16:18
18.073243887631282,Temperature,SBS01,2021-03-11 20:16:20
72.16047699093444,Flow,SBS03,2021-03-11 20:16:22
85.28135219272095,Flow,SBS01,2021-03-11 20:16:34
15.209693066344556,Temperature,SBS03,2021-03-11 20:16:38
17.824215662731827,Temperature,SBS03,2021-03-11 20:16:42
21.092166641495957,Temperature,SBS03,2021-03-11 20:16:46
17.230440139528547,Temperature,SBS03,2021-03-11 20:16:48
24.687441952044587,Temperature,SBS04,2021-03-11 20:16:50
17.285967407540006,Temperature,SBS04,2021-03-11 20:16:52
30.667846048598104,Temperature,SBS03,2021-03-11 20:16:56
17.64963714395744,Temperature,SBS05,2021-03-11 20:16:58
97.9414040015647,Flow,SBS03,2021-03-11 20:17:00
93.62587305538138,Flow,SBS05,2021-03-11 20:17:04
61.165916300148496,Flow,SBS01,2021-03-11 20:17:06
66.17416341477416,Flow,SBS05,2021-03-11 20:17:12
17.047973424182523,Temperature,SBS04,2021-03-11 20:17:20
24.176226060992477,Temperature,SBS01,2021-03-11 20:17:24
65.59010757638595,Flow,SBS01,2021-03-11 20:17:32
16.51950263041209,Temperature,SBS05,2021-03-11 20:17:34
23.23223610968522,Temperature,SBS03,2021-03-11 20:17:36
75.25712711407282,Flow,SBS03,2021-03-11 20:17:40
84.35877569447662,Flow,SBS01,2021-03-11 20:17:46
84.12779679829237,Flow,SBS01,2021-03-11 20:17:48
70.45457726475833,Flow,SBS01,2021-03-11 20:17:54
21.833542264877778,Temperature,SBS03,2021-03-11 20:17:56
18.34305805139495,Temperature,SBS02,2021-03-11 20:17:58
17.10681540641303,Temperature,SBS03,2021-03-11 20:18:02
82.47813098458687,Flow,SBS03,2021-03-11 20:18:10
20.816943076293967,Temperature,SBS02,2021-03-11 20:18:12
32.032609850110944,Temperature,SBS01,2021-03-11 20:18:14
81.46628574930904,Flow,SBS03,2021-03-11 20:18:20
19.987830170041157,Temperature,SBS01,2021-03-11 20:18:22
98.25982229276073,Flow,SBS03,2021-03-11 20:18:30
83.20250613828394,Flow,SBS03,2021-03-11 20:18:38
96.64940003321938,Flow,SBS01,2021-03-11 20:18:44
31.774423455134496,Temperature,SBS05,2021-03-11 20:18:48
89.58710777675307,Flow,SBS01,2021-03-11 20:18:58
86.71898373901217,Flow,SBS04,2021-03-11 20:19:02
73.15426415766032,Flow,SBS04,2021-03-11 20:19:08
74.61761552969212,Flow,SBS05,2021-03-11 20:19:18
32.8208368790615,Temperature,SBS02,2021-03-11 20:19:30
19.947026920643957,Temperature,SBS02,2021-03-11 20:19:32
84.05938897438268,Flow,SBS03,2021-03-11 20:19:36
24.666299426166812,Temperature,SBS04,2021-03-11 20:19:38
76.7890895751851,Flow,SBS02,2021-03-11 20:19:42
23.33014923256016,Temperature,SBS03,2021-03-11 20:19:44
27.584207680624367,Temperature,SBS05,2021-03-11 20:19:54
98.69274661278857,Flow,SBS03,2021-03-11 20:19:58
91.30493529942848,Flow,SBS02,2021-03-11 20:20:00
28.469784048760403,Temperature,SBS05,2021-03-11 20:20:02
24.180919098593677,Temperature,SBS02,2021-03-11 20:20:04
25.555764693464784,Temperature,SBS05,2021-03-11 20:20:08
78.99699468289046,Flow,SBS01,2021-03-11 20:20:14
27.982255730646294,Temperature,SBS04,2021-03-11 20:20:18
31.557761412824952,Temperature,SBS05,2021-03-11 20:20:20
30.062922435448712,Temperature,SBS04,2021-03-11 20:20:22
20.918132127952184,Temperature,SBS02,2021-03-11 20:20:28
79.93986936908837,Flow,SBS04,2021-03-11 20:20:30
18.634371346135012,Temperature,SBS03,2021-03-11 20:20:36
90.37800019462883,Flow,SBS05,2021-03-11 20:20:44
72.50917616888304,Flow,SBS05,2021-03-11 20:20:48
85.99970958957175,Flow,SBS02,2021-03-11 20:20:50
70.83205899102921,Flow,SBS02,2021-03-11 20:20:54
82.53452624453342,Flow,SBS01,2021-03-11 20:20:58
74.813846435609,Flow,SBS02,2021-03-11 20:21:04
16.402137094049372,Temperature,SBS03,2021-03-11 20:21:06
98.74175387543039,Flow,SBS01,2021-03-11 20:21:10
98.76471881887213,Flow,SBS01,2021-03-11 20:21:24
18.77993152094306,Temperature,SBS01,2021-03-11 20:21:26
28.075974699750933,Temperature,SBS01,2021-03-11 20:21:34
28.750591753407683,Temperature,SBS05,2021-03-11 20:21:36
19.24932118585446,Temperature,SBS05,2021-03-11 20:21:38
95.73606871952155,Flow,SBS01,2021-03-11 20:21:42
30.648534210619573,Temperature,SBS05,2021-03-11 20:21:46
22.40914999875299,Temperature,SBS03,2021-03-11 20:21:48
61.78555061787502,Flow,SBS02,2021-03-11 20:21:50
95.9751539721021,Flow,SBS03,2021-03-11 20:21:52
22.652967978339085,Temperature,SBS01,2021-03-11 20:22:00
60.61403179302799,Flow,SBS05,2021-03-11 20:22:02
24.60342216414922,Temperature,SBS01,2021-03-11 20:22:06
22.921969886929038,Temperature,SBS01,2021-03-11 20:22:08
81.46055140510322,Flow,SBS01,2021-03-11 20:22:10
32.43115172712157,Temperature,SBS02,2021-03-11 20:22:16
66.51034494941264,Flow,SBS05,2021-03-11 20:22:18
84.03459212626663,Flow,SBS01,2021-03-11 20:22:24
24.937057219871484,Temperature,SBS01,2021-03-11 20:22:26
84.70929266150762,Flow,SBS02,2021-03-11 20:22:28
75.4480437673528,Flow,SBS03,2021-03-11 20:22:31
97.0927273376198,Flow,SBS04,2021-03-11 20:22:33
81.06375382251846,Flow,SBS04,2021-03-11 20:22:37
25.564703780503855,Temperature,SBS03,2021-03-11 20:22:41
80.18979024258306,Flow,SBS03,2021-03-11 20:22:43
18.33608906203827,Temperature,SBS05,2021-03-11 20:22:45
23.28969399801556,Temperature,SBS01,2021-03-11 20:22:47
16.77097063082469,Temperature,SBS01,2021-03-11 20:22:53
18.006454217425407,Temperature,SBS03,2021-03-11 20:22:57
87.3507279686059,Flow,SBS04,2021-03-11 20:23:05
84.03429052385624,Flow,SBS01,2021-03-11 20:23:09
31.239234431261117,Temperature,SBS03,2021-03-11 20:23:11
72.98288220740102,Flow,SBS02,2021-03-11 20:23:27
75.76664041529968,Flow,SBS05,2021-03-11 20:23:29
32.91568722004496,Temperature,SBS01,2021-03-11 20:23:31
97.30498637411789,Flow,SBS04,2021-03-11 20:23:33
78.5178591810077,Flow,SBS04,2021-03-11 20:23:35
27.450491725702413,Temperature,SBS02,2021-03-11 20:23:43
80.96406882647511,Flow,SBS01,2021-03-11 20:23:45
97.72822775412183,Flow,SBS03,2021-03-11 20:23:49
87.8278853568663,Flow,SBS04,2021-03-11 20:23:51
63.44613600756303,Flow,SBS05,2021-03-11 20:23:55
26.006353704499553,Temperature,SBS02,2021-03-11 20:23:59
74.38056177791884,Flow,SBS03,2021-03-11 20:24:03
19.534855283150314,Temperature,SBS02,2021-03-11 20:24:07
30.01412744247393,Temperature,SBS01,2021-03-11 20:24:11
61.94378725381491,Flow,SBS04,2021-03-11 20:24:13
98.35343988765075,Flow,SBS04,2021-03-11 20:24:17
65.61206983509864,Flow,SBS05,2021-03-11 20:24:19
28.221905998358515,Temperature,SBS02,2021-03-11 20:24:27
91.46548587190576,Flow,SBS05,2021-03-11 20:24:43
25.340676460962378,Temperature,SBS01,2021-03-11 20:24:45
18.322909151877194,Temperature,SBS01,2021-03-11 20:24:47
60.02524954606584,Flow,SBS02,2021-03-11 20:24:49
76.83878724267473,Flow,SBS01,2021-03-11 20:24:53
28.204990690556567,Temperature,SBS05,2021-03-11 20:24:55
32.6103025854433,Temperature,SBS02,2021-03-11 20:24:57
15.577132613713044,Temperature,SBS05,2021-03-11 20:25:07
61.52599152139848,Flow,SBS01,2021-03-11 21:51:22
76.6812932649782,Flow,SBS02,2021-03-11 21:51:40
67.27329308620496,Flow,SBS03,2021-03-11 21:51:44
24.48199771136214,Temperature,SBS02,2021-03-11 21:51:46
82.92916646818902,Flow,SBS01,2021-03-11 21:51:48
29.627990379767816,Temperature,SBS03,2021-03-11 21:51:50
19.306961828386157,Temperature,SBS01,2021-03-11 21:51:54
77.92491200698389,Flow,SBS03,2021-03-11 21:52:04
72.55648183099686,Flow,SBS03,2021-03-11 21:52:08
17.146626530684053,Temperature,SBS01,2021-03-11 21:52:14
17.286073611929027,Temperature,SBS02,2021-03-11 21:52:18
20.350236975879916,Temperature,SBS04,2021-03-11 21:52:22
17.736179937694196,Temperature,SBS03,2021-03-11 21:52:28
60.63862630044401,Flow,SBS02,2021-03-11 21:52:32
78.9806456217392,Flow,SBS05,2021-03-11 21:52:38
21.52185384138605,Temperature,SBS02,2021-03-11 21:52:42
30.850952867035705,Temperature,SBS04,2021-03-11 21:52:48
82.37991126938923,Flow,SBS05,2021-03-11 21:52:50
78.3032020129389,Flow,SBS01,2021-03-11 21:52:54
30.267280559131315,Temperature,SBS02,2021-03-11 21:52:58
73.3754271205963,Flow,SBS04,2021-03-11 21:53:06
60.711206559227726,Flow,SBS03,2021-03-11 21:53:08
17.334359405206257,Temperature,SBS03,2021-03-11 21:53:18
21.999888122434136,Temperature,SBS03,2021-03-11 21:53:20
25.98690395414835,Temperature,SBS02,2021-03-11 21:53:28
22.200971518360518,Temperature,SBS04,2021-03-11 21:53:30
76.67128993983795,Flow,SBS03,2021-03-11 21:53:44
69.61920114333155,Flow,SBS03,2021-03-11 21:53:46
20.90305217939693,Temperature,SBS04,2021-03-11 21:53:50
66.64565181163361,Flow,SBS02,2021-03-11 21:53:54
92.52981027556618,Flow,SBS02,2021-03-11 21:53:58
88.95357389107622,Flow,SBS01,2021-03-11 21:54:04
31.161648991520018,Temperature,SBS01,2021-03-11 21:54:08
95.02765138592048,Flow,SBS04,2021-03-11 21:54:12
22.00362289724079,Temperature,SBS05,2021-03-11 22:08:20
18.811285803070106,Temperature,SBS03,2021-03-11 22:08:22
91.72293938844882,Flow,SBS04,2021-03-11 22:08:26
19.88661269171429,Temperature,SBS02,2021-03-11 22:08:28
22.79576980447455,Temperature,SBS03,2021-03-11 22:08:30
27.803361028364407,Temperature,SBS02,2021-03-11 22:08:38
28.007415514965743,Temperature,SBS01,2021-03-11 22:08:42
83.19352716685317,Flow,SBS05,2021-03-11 22:08:46
82.8594892726978,Flow,SBS03,2021-03-11 22:08:48
89.85702885096924,Flow,SBS05,2021-03-11 22:08:54
25.237001081330234,Temperature,SBS05,2021-03-11 22:08:58
93.13953843572989,Flow,SBS02,2021-03-11 22:09:02
26.891217126165465,Temperature,SBS05,2021-03-11 22:09:08
25.786614742573313,Temperature,SBS04,2021-03-11 22:09:12
21.747319672455884,Temperature,SBS02,2021-03-11 22:09:16
66.89991650040501,Flow,SBS05,2021-03-11 22:09:20
76.15803933964756,Flow,SBS02,2021-03-11 22:09:22
30.774073758110955,Temperature,SBS04,2021-03-11 22:09:26
20.391067635592766,Temperature,SBS04,2021-03-11 22:09:28
28.05495551553048,Temperature,SBS01,2021-03-11 22:09:30
33.36911588782483,Temperature,SBS02,2021-03-11 22:09:32
66.14119197841943,Flow,SBS03,2021-03-11 22:09:36
78.21704692429893,Flow,SBS02,2021-03-11 22:09:38
91.2107806070718,Flow,SBS05,2021-03-11 22:09:46
16.121463303514545,Temperature,SBS01,2021-03-11 22:09:48
28.16756632914627,Temperature,SBS04,2021-03-11 22:09:50
17.429881573754052,Temperature,SBS05,2021-03-11 22:09:52
15.204388651927502,Temperature,SBS01,2021-03-11 22:09:54
25.659218406216272,Temperature,SBS03,2021-03-11 22:10:04
60.94170926366699,Flow,SBS02,2021-03-11 22:10:16
77.47777096981893,Flow,SBS02,2021-03-11 22:10:18
30.909662244510322,Temperature,SBS05,2021-03-11 22:10:22
27.709031361829833,Temperature,SBS02,2021-03-11 22:10:26
63.871886446738,Flow,SBS02,2021-03-11 22:10:28
27.351510986178642,Temperature,SBS02,2021-03-11 22:10:30
74.18158112791299,Flow,SBS02,2021-03-11 22:10:34
23.57358322794915,Temperature,SBS04,2021-03-11 22:10:38
30.778354913840737,Temperature,SBS05,2021-03-11 22:10:40
70.13266471321158,Flow,SBS02,2021-03-11 22:10:42
27.741241113634274,Temperature,SBS02,2021-03-11 22:10:48
74.95643771396593,Flow,SBS05,2021-03-11 22:10:50
31.330447499169424,Temperature,SBS01,2021-03-11 22:10:52
88.13917349502778,Flow,SBS03,2021-03-11 22:10:56
18.596715707116257,Temperature,SBS02,2021-03-11 22:11:00
24.633530172297853,Temperature,SBS03,2021-03-11 22:11:06
84.601844819017,Flow,SBS01,2021-03-11 22:11:10
16.958612902073178,Temperature,SBS03,2021-03-11 22:11:12
98.05114645350352,Flow,SBS03,2021-03-11 22:11:14
24.94693556417166,Temperature,SBS01,2021-03-11 22:11:22
81.25326423347892,Flow,SBS03,2021-03-11 22:11:26
34.50541153954737,Temperature,SBS04,2021-03-11 22:11:28
87.40943522321886,Flow,SBS01,2021-03-11 22:11:30
71.50240603518735,Flow,SBS04,2021-03-11 22:11:32
62.31972214678229,Flow,SBS03,2021-03-11 22:11:34
21.144405947760646,Temperature,SBS03,2021-03-11 22:11:36
19.156736285349258,Temperature,SBS05,2021-03-11 22:11:40
31.594444241968553,Temperature,SBS05,2021-03-11 22:11:42
26.454863103233755,Temperature,SBS05,2021-03-11 22:11:44
83.94404163632733,Flow,SBS03,2021-03-20 16:05:19
96.46740924462179,Flow,SBS02,2021-03-20 16:05:33
17.760871867448348,Temperature,SBS05,2021-03-20 16:05:35
72.43018593163033,Flow,SBS02,2021-03-20 16:05:37
61.9106040033882,Flow,SBS05,2021-03-20 16:05:39
69.15542065487858,Flow,SBS01,2021-03-20 16:05:47
69.53616826686469,Flow,SBS04,2021-03-20 16:05:51
89.67428599931574,Flow,SBS01,2021-03-20 16:05:55
68.52087335653364,Flow,SBS05,2021-03-20 16:05:57
30.92296166662424,Temperature,SBS02,2021-03-20 16:06:03
84.30707347528461,Flow,SBS01,2021-03-20 16:06:07
93.53371326865266,Flow,SBS01,2021-03-20 16:06:09
74.03331718344691,Flow,SBS05,2021-03-20 16:06:19
32.72846256622249,Temperature,SBS01,2021-03-20 16:06:23
95.36738955390291,Flow,SBS01,2021-03-20 16:06:29
18.562967026197622,Temperature,SBS03,2021-03-20 16:06:31
15.409736252025299,Temperature,SBS03,2021-03-20 16:06:33
81.56367813258218,Flow,SBS03,2021-03-20 16:06:35
19.00105223378568,Temperature,SBS02,2021-03-20 16:06:41
15.135895235748208,Temperature,SBS04,2021-03-20 16:06:43
66.90995291544544,Flow,SBS04,2021-03-20 16:06:45
29.405077606970433,Temperature,SBS05,2021-03-20 16:06:49
33.635868230086395,Temperature,SBS04,2021-03-20 16:06:51
76.92928281189555,Flow,SBS03,2021-03-20 16:06:57
17.631726620916147,Temperature,SBS04,2021-03-20 16:06:59
23.879808628870876,Temperature,SBS05,2021-03-20 16:07:01
92.32564338738207,Flow,SBS01,2021-03-20 16:07:03
70.5927896753891,Flow,SBS01,2021-03-20 16:07:05
18.011093791214332,Temperature,SBS05,2021-03-20 16:07:09
93.25677482416265,Flow,SBS03,2021-03-20 16:07:13
29.655746272401014,Temperature,SBS05,2021-04-27 20:44:29
33.128941237149036,Temperature,SBS04,2021-04-27 20:44:31
76.08533973686984,Flow,SBS02,2021-04-27 20:44:33
29.466546082498372,Temperature,SBS05,2021-04-27 20:44:35
73.17394049746656,Flow,SBS05,2021-04-27 20:44:39
68.37746173092854,Flow,SBS03,2021-04-27 20:44:45
17.128848985328776,Temperature,SBS02,2021-04-27 20:44:51
17.42051755560885,Temperature,SBS05,2021-04-27 20:44:53
68.38173256659934,Flow,SBS01,2021-04-27 20:45:00
83.20374622858193,Flow,SBS03,2021-04-27 20:45:08
23.723967515829507,Temperature,SBS04,2021-04-27 20:45:10
71.08761167420857,Flow,SBS05,2021-04-27 20:45:12
16.78901740990824,Temperature,SBS03,2021-04-27 20:45:18
97.13461197635195,Flow,SBS02,2021-04-27 20:45:20
76.27242868514983,Flow,SBS01,2021-04-27 20:45:22
24.81866949338277,Temperature,SBS03,2021-04-27 20:45:24
87.24529433936418,Flow,SBS05,2021-04-27 20:45:26
23.150096893564594,Temperature,SBS04,2021-04-27 20:45:28
24.066630419188016,Temperature,SBS03,2021-04-27 20:45:30
30.991065274735522,Temperature,SBS02,2021-04-27 20:45:34
78.99672302382916,Flow,SBS01,2021-04-27 20:45:36
23.050081579730456,Temperature,SBS04,2021-04-27 20:45:38
98.98391573397905,Flow,SBS01,2021-04-27 20:45:42
30.44281540697297,Temperature,SBS02,2021-04-27 20:45:44
70.74987288518238,Flow,SBS01,2021-04-27 20:45:46
25.93490429039605,Temperature,SBS05,2021-04-27 20:46:00
16.454427139403442,Temperature,SBS04,2021-04-27 20:46:04
21.94679774065285,Temperature,SBS05,2021-04-27 20:46:06
31.57357735962643,Temperature,SBS03,2021-04-27 20:46:10
87.48380469469451,Flow,SBS03,2021-04-27 20:46:14
20.56424214547647,Temperature,SBS03,2021-04-27 20:46:16
18.436711214700082,Temperature,SBS05,2021-04-27 20:46:18
70.88577279637782,Flow,SBS02,2021-04-27 20:46:24
32.66520480568492,Temperature,SBS05,2021-04-27 20:46:28
28.718254921261455,Temperature,SBS04,2021-04-27 20:46:32
19.64203108543272,Temperature,SBS05,2021-04-27 20:46:34
18.175498893562686,Temperature,SBS02,2021-04-27 20:46:38
17.25616381037724,Temperature,SBS04,2021-04-27 20:46:44
22.63869077257999,Temperature,SBS02,2021-04-27 20:46:50
20.587943579135658,Temperature,SBS01,2021-04-27 20:46:52
73.89393472546051,Flow,SBS05,2021-04-27 20:46:56
70.72575918307753,Flow,SBS03,2021-04-27 20:47:06
28.05882698257882,Temperature,SBS05,2021-04-27 20:47:08
78.53042298122091,Flow,SBS01,2021-04-27 20:47:14
20.362692050833186,Temperature,SBS05,2021-04-27 20:47:22
20.269713193867656,Temperature,SBS03,2021-04-27 20:47:44
87.21921225334981,Flow,SBS03,2021-04-27 20:47:52
98.7161852276313,Flow,SBS03,2021-04-27 20:47:54
32.20798327181711,Temperature,SBS02,2021-04-27 20:48:02
32.01536579938419,Temperature,SBS02,2021-04-27 20:48:04
67.94122233880485,Flow,SBS05,2021-04-27 20:48:08
80.08008569910524,Flow,SBS03,2021-04-27 20:48:12
19.277816225900175,Temperature,SBS04,2021-04-27 20:48:16
87.94775589405774,Flow,SBS03,2021-04-27 20:48:20
85.91502657547369,Flow,SBS02,2021-04-27 20:48:26
99.20394153031239,Flow,SBS05,2021-04-27 20:48:28
24.115435389433802,Temperature,SBS05,2021-04-27 20:48:32
97.91004862750073,Flow,SBS03,2021-04-27 20:48:34
19.51979661719726,Temperature,SBS03,2021-04-27 20:48:36
22.524482162023098,Temperature,SBS02,2021-04-27 20:48:38
15.30340535374847,Temperature,SBS03,2021-04-27 20:48:40
26.128435337653766,Temperature,SBS04,2021-04-27 20:48:42
87.70507635216998,Flow,SBS03,2021-04-27 20:48:44
21.481300581548496,Temperature,SBS02,2021-04-27 20:48:46
27.832949227677798,Temperature,SBS05,2021-04-27 20:48:54
96.09641085564078,Flow,SBS05,2021-04-27 20:48:56
18.457772960901817,Temperature,SBS01,2021-04-27 20:49:00
61.2803453929064,Flow,SBS05,2021-04-27 20:49:02
68.8312768577315,Flow,SBS04,2021-04-27 20:49:06
33.15557609865698,Temperature,SBS04,2021-04-27 20:49:08
77.20221358186507,Flow,SBS01,2021-04-27 20:49:12
23.164771920365254,Temperature,SBS04,2021-04-27 20:49:14
22.887603743584624,Temperature,SBS02,2021-04-27 20:49:20
21.844676370532802,Temperature,SBS05,2021-04-27 20:49:30
66.8379594926532,Flow,SBS02,2021-04-27 20:49:34
24.60357119420966,Temperature,SBS04,2021-04-27 20:49:38
26.96631597942894,Temperature,SBS03,2021-04-27 20:49:40
23.646915824609685,Temperature,SBS01,2021-04-27 20:49:44
25.19079116663988,Temperature,SBS05,2021-04-27 20:49:48
89.46349629657144,Flow,SBS01,2021-04-27 20:49:50
29.026546423823845,Temperature,SBS02,2021-04-27 20:49:52
62.4320881484492,Flow,SBS03,2021-04-27 20:49:58
33.35972319409912,Temperature,SBS01,2021-04-27 20:50:06
31.38063016272557,Temperature,SBS03,2021-04-27 20:50:12
31.007196127736908,Temperature,SBS01,2021-04-27 20:50:18
78.97339122024403,Flow,SBS02,2021-04-27 20:50:20
92.13310687186802,Flow,SBS04,2021-04-27 20:50:28
87.76464688735462,Flow,SBS03,2021-04-27 20:50:32
78.16802089727517,Flow,SBS04,2021-04-27 20:50:36
76.02774222887535,Flow,SBS03,2021-04-27 20:50:40
30.304454903836575,Temperature,SBS04,2021-04-27 20:50:44
30.21591006138695,Temperature,SBS04,2021-04-27 20:50:52
71.63885513792185,Flow,SBS05,2021-04-27 20:50:54
26.006310881825364,Temperature,SBS04,2021-04-27 20:50:56
60.38650019426096,Flow,SBS05,2021-04-27 20:50:58
16.423036576949222,Temperature,SBS05,2021-04-27 20:51:02
72.31283811904747,Flow,SBS04,2021-04-27 20:51:04
17.304524948285053,Temperature,SBS04,2021-04-27 20:51:12
22.513261701449792,Temperature,SBS03,2021-04-27 20:51:16
63.95264031855554,Flow,SBS01,2021-04-27 20:51:22
32.4293057561935,Temperature,SBS05,2021-04-27 20:51:28
83.45116931558417,Flow,SBS03,2021-04-27 20:51:31
98.51930395327247,Flow,SBS02,2021-04-27 20:51:39
22.210323092235353,Temperature,SBS05,2021-04-27 20:51:43
32.69627275283423,Temperature,SBS04,2021-04-27 20:51:45
22.135545902201272,Temperature,SBS04,2021-04-27 20:51:51
18.47235718976536,Temperature,SBS04,2021-04-27 20:51:53
97.06775906408944,Flow,SBS03,2021-04-27 20:52:03
27.76617456937842,Temperature,SBS03,2021-04-27 20:52:07
64.4652597991011,Flow,SBS01,2021-04-27 20:52:09
67.46786606085828,Flow,SBS01,2021-04-27 20:52:13
60.23828752945643,Flow,SBS01,2021-04-27 20:52:17
86.54825437430664,Flow,SBS03,2021-04-27 20:52:19
82.58836626370496,Flow,SBS02,2021-04-27 20:52:27
97.94376219130866,Flow,SBS03,2021-04-27 20:52:29
72.2149405128014,Flow,SBS01,2021-04-27 20:52:31
25.57402241042533,Temperature,SBS04,2021-04-27 20:52:37
61.96348835668891,Flow,SBS04,2021-04-27 20:52:43
98.7261194412262,Flow,SBS01,2021-04-27 20:52:45
72.84842347166435,Flow,SBS03,2021-04-27 20:52:53
27.21032340031688,Temperature,SBS05,2021-04-27 20:52:55
21.861869409451845,Temperature,SBS01,2021-04-27 20:52:57
33.87450148310897,Temperature,SBS01,2021-04-27 20:53:03
91.96177275771868,Flow,SBS04,2021-04-27 20:53:05
81.34509402990663,Flow,SBS04,2021-04-27 20:53:07
60.854735959577404,Flow,SBS04,2021-04-27 20:53:09
90.97512124926241,Flow,SBS01,2021-04-27 20:53:11
29.80557797103713,Temperature,SBS04,2021-04-27 20:53:21
87.15557615733812,Flow,SBS03,2021-04-27 20:53:31
30.1348959738845,Temperature,SBS04,2021-04-27 20:53:33
61.1065878437843,Flow,SBS03,2021-04-27 20:53:39
25.860421138818566,Temperature,SBS01,2021-04-27 20:53:41
87.0268733195903,Flow,SBS02,2021-04-27 20:53:43
23.62025242054598,Temperature,SBS03,2021-04-27 20:53:45
61.535008676990074,Flow,SBS01,2021-04-27 20:53:47
30.672151000821316,Temperature,SBS03,2021-04-27 20:53:49
82.75212759123234,Flow,SBS05,2021-04-27 20:53:53
24.328877458167845,Temperature,SBS03,2021-04-27 20:53:57
23.753432748238087,Temperature,SBS05,2021-04-27 20:54:01
25.91244833946361,Temperature,SBS01,2021-04-27 20:54:05
74.7983258749276,Flow,SBS04,2021-04-27 20:54:17
72.35763089888108,Flow,SBS04,2021-04-27 20:54:19
33.11700453050116,Temperature,SBS02,2021-04-27 20:54:23
21.318146584980827,Temperature,SBS05,2021-04-27 20:54:25
68.32255344083973,Flow,SBS04,2021-04-27 20:54:31
78.96624350689751,Flow,SBS03,2021-04-27 20:54:33
90.68601978291224,Flow,SBS02,2021-04-27 20:54:39
26.07306515781363,Temperature,SBS03,2021-04-27 20:54:43
15.428182946360046,Temperature,SBS01,2021-04-27 20:54:45
23.485288007738767,Temperature,SBS05,2021-04-27 20:54:47
25.62987362180554,Temperature,SBS05,2021-04-27 20:54:51
20.653368097323867,Temperature,SBS04,2021-04-27 20:54:57
88.67540066321075,Flow,SBS05,2021-04-27 20:55:01
33.77202901447786,Temperature,SBS05,2021-04-27 20:55:05
30.406796005964694,Temperature,SBS02,2021-04-27 20:55:07
15.786445653522168,Temperature,SBS02,2021-04-27 20:55:11
96.5961511583746,Flow,SBS05,2021-04-27 20:55:13
92.74218460140489,Flow,SBS04,2021-04-27 20:55:21
77.9692399800926,Flow,SBS03,2021-04-27 20:55:29
71.04668415926872,Flow,SBS03,2021-04-27 20:55:37
89.49090786338772,Flow,SBS03,2021-04-27 20:55:39
25.97207894770598,Temperature,SBS02,2021-04-27 20:55:47
75.18417976172526,Flow,SBS04,2021-04-27 20:55:49
82.25330094187022,Flow,SBS02,2021-04-27 20:55:51
78.20649914793316,Flow,SBS05,2021-04-27 20:55:53
67.74712310005866,Flow,SBS01,2021-04-27 20:55:55
73.51507550555118,Flow,SBS04,2021-04-27 20:55:59
61.95617608249314,Flow,SBS02,2021-05-18 20:14:16
88.81453993909037,Flow,SBS05,2021-05-18 20:14:18
81.79182684114616,Flow,SBS03,2021-05-18 20:14:22
29.067716722376623,Temperature,SBS05,2021-05-18 20:14:26
34.170997470154376,Temperature,SBS01,2021-05-18 20:14:32
21.159645876289034,Temperature,SBS02,2021-05-18 20:14:34
33.695527457756924,Temperature,SBS01,2021-05-18 20:14:36
89.80940595393804,Flow,SBS04,2021-05-18 20:14:46
75.71230962293927,Flow,SBS02,2021-05-18 20:14:50
75.9447382433911,Flow,SBS01,2021-05-18 20:14:52
74.91378894589667,Flow,SBS01,2021-05-18 20:14:56
17.418157639930744,Temperature,SBS03,2021-05-18 20:14:58
23.869514846052265,Temperature,SBS02,2021-05-18 20:15:00
28.033333137797108,Temperature,SBS05,2021-05-18 20:15:02
19.571241095825208,Temperature,SBS02,2021-05-18 20:15:06
83.36796158275195,Flow,SBS05,2021-05-18 20:15:08
64.22491232624017,Flow,SBS05,2021-05-18 20:15:10
98.49469190846818,Flow,SBS01,2021-05-18 20:15:16
69.6478160359168,Flow,SBS02,2021-05-18 20:15:18
15.627993683080454,Temperature,SBS05,2021-05-18 20:15:20
22.874739314493855,Temperature,SBS05,2021-05-18 20:15:22
18.740765857059735,Temperature,SBS02,2021-05-18 20:15:24
20.44421197770374,Temperature,SBS05,2021-05-18 20:15:26
32.658857451859056,Temperature,SBS01,2021-05-18 20:15:28
83.1035702009286,Flow,SBS02,2021-05-18 20:15:38
97.52645781656464,Flow,SBS01,2021-05-18 20:15:42
33.0913634699135,Temperature,SBS02,2021-05-18 20:15:44
73.09757328817396,Flow,SBS04,2021-05-18 20:15:50
60.93016416790004,Flow,SBS01,2021-05-18 20:15:52
30.088270486404465,Temperature,SBS05,2021-05-18 20:15:54
26.895954861952127,Temperature,SBS01,2021-05-18 20:15:56
75.74342966571353,Flow,SBS05,2021-05-18 20:15:58
16.800631777553676,Temperature,SBS04,2021-05-18 20:16:00
97.82728358213714,Flow,SBS05,2021-05-18 20:16:04
92.38918890632223,Flow,SBS03,2021-05-18 20:16:08
23.799773647181315,Temperature,SBS03,2021-05-18 20:16:12
84.92059465685689,Flow,SBS01,2021-05-18 20:16:20
21.450216000683508,Temperature,SBS05,2021-05-18 20:16:22
93.52796433508993,Flow,SBS05,2021-05-18 20:16:24
74.7475001254251,Flow,SBS02,2021-05-18 20:16:26
78.68987116076192,Flow,SBS01,2021-05-18 20:16:36
34.110292986196896,Temperature,SBS01,2021-05-18 20:16:38
25.643367238719037,Temperature,SBS04,2021-05-18 20:16:40
32.977817555254774,Temperature,SBS02,2021-05-18 20:16:42
61.392549323153105,Flow,SBS01,2021-05-18 20:16:44
67.4142617147439,Flow,SBS04,2021-05-18 20:16:46
31.88700366273228,Temperature,SBS02,2021-05-18 20:16:48
84.45051967258749,Flow,SBS04,2021-05-18 20:16:56
99.81364629309044,Flow,SBS02,2021-05-18 20:16:58
83.68317838026672,Flow,SBS02,2021-05-18 20:17:04
34.91481283635629,Temperature,SBS04,2021-05-18 20:17:06
32.3713885103342,Temperature,SBS03,2021-05-18 20:17:08
26.00851709119885,Temperature,SBS05,2021-05-18 20:17:10
77.50513051095186,Flow,SBS03,2021-05-18 20:17:12
27.820723998123633,Temperature,SBS01,2021-05-18 20:17:16
98.87263514205571,Flow,SBS05,2021-05-18 20:17:18
15.548394480142079,Temperature,SBS02,2021-05-18 20:17:20
23.989878444534476,Temperature,SBS02,2021-05-18 20:17:22
80.7332635275593,Flow,SBS05,2021-05-18 20:17:32
98.27265819984083,Flow,SBS01,2021-05-18 20:17:34
87.76489218651636,Flow,SBS02,2021-05-18 20:17:36
18.396387117476674,Temperature,SBS01,2021-05-18 20:17:44
83.2097909313847,Flow,SBS02,2021-05-18 20:17:48
60.113509199336846,Flow,SBS01,2021-05-18 20:17:50
63.91243999546429,Flow,SBS02,2021-05-18 20:17:58
18.775094982747675,Temperature,SBS02,2021-05-18 20:18:00
76.68468409224508,Flow,SBS05,2021-05-18 20:18:06
25.859680679285834,Temperature,SBS05,2021-05-18 20:18:08
90.77734851984317,Flow,SBS03,2021-05-18 20:18:10
18.908553890302056,Temperature,SBS03,2021-05-18 20:18:12
28.540866561635795,Temperature,SBS04,2021-05-18 20:18:18
30.38777435698966,Temperature,SBS02,2021-05-18 20:18:20
81.85358192312803,Flow,SBS03,2021-05-18 20:18:24
17.327930333221943,Temperature,SBS03,2021-05-18 20:18:28
70.18728727742081,Flow,SBS05,2021-05-18 20:18:30
20.559271693295024,Temperature,SBS04,2021-05-18 20:18:33
32.92430879311161,Temperature,SBS05,2021-05-18 20:18:35
23.687251523484797,Temperature,SBS02,2021-05-18 20:18:45
27.556988744880794,Temperature,SBS04,2021-05-18 20:18:47
79.6041873877558,Flow,SBS01,2021-05-18 20:18:53
90.76145368578092,Flow,SBS02,2021-05-18 20:18:55
67.85304918756053,Flow,SBS03,2021-05-18 20:19:01
81.92102387416091,Flow,SBS01,2021-05-18 20:19:05
74.18270739340934,Flow,SBS05,2021-05-18 20:19:09
16.38477400045447,Temperature,SBS03,2021-05-18 20:19:11
22.121179004052234,Temperature,SBS01,2021-05-18 20:19:13
85.23507649412657,Flow,SBS03,2021-05-18 20:19:15
22.420035435298562,Temperature,SBS01,2021-05-18 20:19:25
23.863761038784375,Temperature,SBS01,2021-05-18 20:19:27
23.445507945533166,Temperature,SBS02,2021-05-18 20:19:31
94.9474761791906,Flow,SBS02,2021-05-18 20:19:33
90.43649034846209,Flow,SBS05,2021-05-18 20:19:35
32.35908139252074,Temperature,SBS03,2021-05-18 20:19:41
32.325917915307514,Temperature,SBS02,2021-05-18 20:19:43
18.219206505701568,Temperature,SBS04,2021-05-18 20:19:45
95.16374596362084,Flow,SBS03,2021-05-18 20:19:53
77.53352906824666,Flow,SBS01,2021-05-18 20:19:57
26.9077480290345,Temperature,SBS02,2021-05-18 20:19:59
15.046497077575157,Temperature,SBS01,2021-05-18 20:20:01
99.50608513266806,Flow,SBS02,2021-05-18 20:20:03
83.75927263681788,Flow,SBS05,2021-05-18 20:20:05
87.63388140774316,Flow,SBS01,2021-05-18 20:20:07
70.67127931144857,Flow,SBS01,2021-05-18 20:20:13
18.536045803887347,Temperature,SBS02,2021-05-18 20:20:15
27.897135898332763,Temperature,SBS03,2021-05-18 20:20:17
33.82124269054455,Temperature,SBS03,2021-05-18 20:20:19
32.46907863722163,Temperature,SBS05,2021-05-18 20:20:21
86.4193800267403,Flow,SBS05,2021-05-18 20:20:25
33.306502450137856,Temperature,SBS05,2021-05-18 20:20:27
84.4019926782043,Flow,SBS04,2021-05-18 20:20:29
88.82993463697557,Flow,SBS05,2021-05-18 20:20:33
22.455665113230395,Temperature,SBS02,2021-05-18 20:20:37
78.06778345840605,Flow,SBS04,2021-05-18 20:20:43
